iteration,cost
50,0.36912216973846024
100,0.36912216973846024
200,0.36912216973846024
300,0.36912216973846024
400,0.36912216973846024
500,0.36912216973846024
600,0.36912216973846024
700,0.36912216973846024
800,0.36912216973846024
900,0.36912216973846024
1000,0.36912216973846024
